"Devboard Pin","Position","Name","Type","Signal","Label","AF0","AF1","AF2","AF3","AF4","AF5","AF6","AF7","AF8","AF9","AF10","AF11","AF12","AF13","AF14","Schematic Net"
"A1","B13","PB0","I/O","SPI2_SCK","","","","I2S2_CK/SPI2_SCK","","","","USART1_CK","TIM16_CH1","TIM20_CH4N","","OCTOSPIM_P2_IO0","","","","","/PB0"
"A3","AE16","PH7","I/O","TIM17_CH1","","","","I2S1_SDO/SPI1_MOSI","","UART4_TX","","UART7_DE/UART7_RTS","TIM17_CH1","","TIM5_CH4","I2C7_SDA","","","","ETH3_RGMII_RXD2","/PH7"
"A5","A14","PB2","I/O","SPI2_MOSI","","","","I2S2_SDO/SPI2_MOSI","","","MDF1_CKI3","TIM17_BKIN","TIM16_BKIN","TIM20_CH2N","","OCTOSPIM_P2_IO2","","","","","/PB2"
"A7","B21","PE4","I/O","SDMMC1_D0","","DEBUG_TRACED0","LPTIM2_IN1","I2S1_SDO/SPI1_MOSI","I2S3_SDI/SPI3_MISO","SAI1_SD_B","","USART3_CTS/USART3_NSS","FDCAN1_TX","","","SDMMC1_D0","","","","","/SDMMC_D0"
"A9","C22","PE5","I/O","SDMMC1_D1","","DEBUG_TRACED1","LPTIM2_IN2","I2S1_WS/SPI1_NSS","I2S3_WS/SPI3_NSS","SAI1_FS_B","","USART3_DE/USART3_RTS","FDCAN1_RX","","","SDMMC1_D1","","","","","/SDMMC_D1"
"A11","A11","PB11","I/O","TIM12_CH2","","","I2S3_MCK","","","","","USART1_CTS/USART1_NSS","FDCAN1_RX","TIM20_BKIN2","TIM12_CH2","OCTOSPIM_P2_NCLK","OCTOSPIM_P2_NCS2","FMC_D14/FMC_DA14","OCTOSPIM_P1_NCS2","","/PB11"
"A13","B19","PE0","I/O","SDMMC1_D2","","DEBUG_TRACED2","LPTIM2_CH1","I2S1_CK/SPI1_SCK","SPI3_RDY","","","USART3_CK","","","","SDMMC1_D2","","","","","/SDMMC_D2"
"A15","C19","PE1","I/O","SDMMC1_D3","","DEBUG_TRACED3","LPTIM2_CH2","I2S1_MCK","I2S3_MCK","","","USART3_RX","","","","SDMMC1_D3","","","","","/SDMMC_D3"
"A17","C20","PE2","I/O","SDMMC1_CMD","","","LPTIM2_ETR","I2S1_SDI/SPI1_MISO","I2S3_SDO/SPI3_MOSI","SAI1_SCK_B","","","","TIM10_CH1","","SDMMC1_CMD","","","","","/SDMMC_CMD"
"A19","C21","PE3","I/O","SDMMC1_CK","","DEBUG_TRACECLK","","SPI1_RDY","I2S3_CK/SPI3_SCK","SAI1_MCLK_B","","USART3_TX","","TIM11_CH1","","SDMMC1_CK","","","","","/SDMMC_CLK"
"A21","A1","VSS","Power","","","","","","","","","","","","","","","","","","GND"
"A23","","+5V","","","","","","","","","","","","","","","","","","","+5V"
"A25","","+5V","","","","","","","","","","","","","","","","","","","+5V"
"A27","","+5V","","","","","","","","","","","","","","","","","","","+5V"
"A29","","+5V","","","","","","","","","","","","","","","","","","","+5V"
"A31","A2","VSS","Power","","","","","","","","","","","","","","","","","","GND"
"A33","A27","VSS","Power","","","","","","","","","","","","","","","","","","GND"
"A35","C6","VSS","Power","","","","","","","","","","","","","","","","","","GND"
"A37","C10","VSS","Power","","","","","","","","","","","","","","","","","","GND"
"A39","A23","PE9","Input","GPIO_Input","","","SPI4_MISO","","SAI4_D2","SAI4_FS_A","","USART1_CK","","TIM1_CH4","","","FMC_D0/FMC_DA0","SDMMC2_D5","SDMMC2_CDIR","","/PE9"
"A41","D12","PD2","I/O","SPI1_NSS","","","HDP_HDP2","I2S1_WS/SPI1_NSS","SAI1_CK1","","SAI4_SCK_A","UART7_CTS","TIM15_BKIN","TIM1_ETR","FDCAN3_TX","OCTOSPIM_P1_DQS","OCTOSPIM_P1_NCS2","","DCMIPP_VSYNC/DCMI_VSYNC/PSSI_RDY","","/PD2"
"A43","B25","PE14","I/O","SAI1_MCLK_A","","","","SPI7_NSS","","SAI1_MCLK_A","MDF1_CKI6","","TIM15_BKIN","TIM1_BKIN","","","FMC_NWE","SDMMC2_CK","","","/SAI1_MCLK"
"A45","B23","PE11","I/O","SAI1_FS_A","","","","SPI7_SCK","SAI4_D3","SAI1_FS_A","","","TIM15_CH2","TIM1_CH3N","","","FMC_A16/FMC_CLE","SDMMC2_D1","","","/SAI1_FS"
"A47","D24","PE15","I/O","SAI1_SCK_A","","","","SPI7_MOSI","","SAI1_SCK_A","MDF1_SDI6","","TIM15_CH1N","TIM1_CH1N","","","FMC_NOE","SDMMC2_CMD","","","/SAI1_SCK"
"A49","C24","PE13","I/O","SAI1_SD_A","","","","SPI7_MISO","","SAI1_SD_A","","","TIM15_CH1","TIM1_CH2N","","","FMC_RNB","SDMMC2_D0","","","/SAI1_SD_A"
"A51","A26","PB13","I/O","SAI1_SD_B","","","","SPI7_SCK","","SAI1_SD_B","UART8_RX","","","","","SDMMC3_CK","FMC_D5/FMC_DA5","FMC_D0/FMC_DA0","","","/SAI1_SD_B"
"A53","E7","VSS","Power","","","","","","","","","","","","","","","","","","GND"
"A55","C14","PB5","I/O","I2C2_SCL","","","","I2S2_MCK","UART4_DE/UART4_RTS","SAI4_SD_B","MDF1_CKI4","","","TIM20_CH1","I2C2_SCL","OCTOSPIM_P2_IO5","","FMC_D8/FMC_DA8","I3C2_SCL","SDMMC3_D123DIR","/PB5"
"A57","B15","PB4","I/O","I2C2_SDA","","","","SPI2_RDY","UART4_CTS","SAI4_FS_B","MDF1_SDI4","TIM14_CH1","","TIM20_CH2","I2C2_SDA","OCTOSPIM_P2_IO4","","","I3C2_SDA","","/PB4"
"A59","C17","PD10","I/O","I2C4_SDA","","DEBUG_TRACED6","HDP_HDP7","","SAI1_SCK_A","UART4_RX","MDF1_SDI0","I2C4_SDA","","TIM1_CH2","TIM14_CH1","OCTOSPIM_P1_IO6","SDMMC1_D5","SDMMC1_CDIR","DCMIPP_D8/DCMI_D8/PSSI_D8","","/I2C4_SDA"
"A61","A15","PD11","I/O","I2C4_SCL","","DEBUG_TRACED7","","I2S1_CK/SPI1_SCK","SAI1_MCLK_A","UART4_TX","MDF1_CKI0","I2C4_SCL","","TIM1_CH1","","OCTOSPIM_P1_IO7","SDMMC1_D4","SDMMC1_CKIN","DCMIPP_D7/DCMI_D7/PSSI_D7","","/I2C4_SCL"
"A63","D25","PD13","I/O","","","","","I2S2_WS/SPI2_NSS","","","MDF1_SDI7","UART9_TX","","","TIM4_CH4","SDMMC3_D1","FMC_D11/FMC_DA11","FMC_NWE","","","/PD13"
"A65","","+3V3","","","","","","","","","","","","","","","","","","","+3V3"
"A67","","+3V3","","","","","","","","","","","","","","","","","","","+3V3"
"A69","F3","VSS","Power","","","","","","","","","","","","","","","","","","GND"
"A71","","USB_VBUS_JACK","","","","","","","","","","","","","","","","","","","/USB_VBUS_JACK"
"A73","F12","VSS","Power","","","","","","","","","","","","","","","","","","GND"
"A75","AG22","USB3DR_DM","MonoIO","USB3DR_DM","","","","","","","","","","","","","","","","","/USB3_DP"
"A77","AF22","USB3DR_DP","MonoIO","USB3DR_DP","","","","","","","","","","","","","","","","","/USB3_DN"
"A79","F14","VSS","Power","","","","","","","","","","","","","","","","","","GND"
"B1","AE8","PF9","I/O","SAI2_SD_A","","","","","SAI3_SD_B","SAI2_SD_A","MDF1_SDI5","UART8_DE/UART8_RTS","TIM2_CH2","","","ETH2_MII_RXD2/ETH2_RGMII_RXD2","ETH2_MDIO","","","","/PF9"
"B3","AD16","PH8","I/O","TIM5_CH1","","","","I2S1_SDI/SPI1_MISO","SPDIFRX_IN3","UART4_RX","","UART7_CTS","","","TIM5_CH1","I2C3_SMBA","I2C5_SMBA","","","ETH3_RGMII_RXD3","/PH8"
"B5","C13","PB6","I/O","UART4_RX","","","","I2S2_SDI/SPI2_MISO","UART4_RX","SAI4_SCK_B","","","","TIM20_CH1N","","OCTOSPIM_P2_IO6","","FMC_D9/FMC_DA9","","SDMMC3_D0DIR","/PB6"
"B7","AE11","PF1","I/O","GPIO_Analog","","","SPI8_MISO","LPTIM2_IN2","","SAI4_SCK_B","MDF1_CKI4","USART2_CK","","","","ETH1_MII_RXD0/ETH1_RGMII_RXD0/ETH1_RMII_RXD0","","","","","/PF1"
"B9","AD10","PC5","I/O","ADC1_INP10","","","","SPDIFRX_IN1","","","MDF1_SDI1","","","TIM8_CH1N","I2C4_SDA","ETH2_MDIO","ETH1_MII_COL","FMC_A25","ETH1_PPS_OUT","LTDC_DE","/ADC1_CH10"
"B11","AG9","PC8","I/O","SPI6_NSS","","","LPTIM1_ETR","","SPI6_NSS","SAI3_SCK_B","","USART6_CTS/USART6_NSS","","TIM8_CH2","","ETH2_MII_TXD1/ETH2_RGMII_TXD1/ETH2_RMII_TXD1","ETH1_MII_TXD3","","LTDC_B3","DCMIPP_D2/DCMI_D2/PSSI_D2","/PC8"
"B13","AF10","PF4","I/O","TIM4_CH4","","","RTC_OUT2","SPI6_NSS","","SAI3_SCK_A","","USART6_RX","TIM4_CH4","ETH1_MDC","ETH2_CLK","ETH2_PPS_OUT","ETH1_PPS_OUT","","LTDC_B7","","/PF4"
"B15","AC13","PA12","I/O","SPI6_MOSI","","","","SPI6_MOSI","","SAI3_FS_A","","","TIM4_CH1","I2C4_SCL","I2C6_SCL","ETH1_PHY_INTN","","","","","/PA12"
"B17","AA7","PG3","I/O","SAI2_FS_B ADC1_INP3","","","LPTIM1_ETR","SPI5_MOSI","UART8_TX","SAI2_FS_B","","","TIM3_CH3","TIM8_ETR","ETH2_CLK","ETH2_PHY_INTN","","FMC_A19","LTDC_R5","DCMIPP_PIXCLK/DCMI_PIXCLK/PSSI_PDCK","/ADC1_CH3"
"B19","AA11","PF5","I/O","SPI6_SCK","","","","SPI6_SCK","","SAI3_MCLK_A","","USART6_TX","TIM4_CH3","ETH1_MDIO","ETH1_CLK","ETH2_PHY_INTN","ETH1_PHY_INTN","","LTDC_B6","","/PF5"
"B21","AC9","PC4","I/O","SPI6_MISO","","","","","SPI6_MISO","SAI3_FS_B","","","","","","ETH2_MII_TX_EN/ETH2_RGMII_TX_CTL/ETH2_RMII_TX_EN","","ETH1_RGMII_CLK125","LTDC_R0","","/PC4"
"B23","F16","VSS","Power","","","","","","","","","","","","","","","","","","GND"
"B25","AF6","VREF-","Power","","","","","","","","","","","","","","","","","","GNDADC"
"B27","AG6","VREF+","Power","","","","","","","","","","","","","","","","","","VREF+"
"B29","AE4","PF11","I/O","ADC3_INP6","","","RCC_MCO_1","SPDIFRX_IN0","SPI6_RDY","SAI2_SCK_A","MDF1_SDI6","UART8_RX","TIM2_CH4","","","ETH2_MII_TXD3","","","","","/ADC3_CH6"
"B31","AE5","PF10","I/O","ADC3_INP2","","","RCC_MCO_2","SPI3_RDY","","SAI2_MCLK_A","MDF1_CKI6","UART8_TX","TIM2_CH3","","","ETH2_MII_TXD2","","","","","/ADC3_CH2"
"B33","AD6","PG4","I/O","ADC1_INP4","","","","SPI5_MISO","SAI3_FS_B","","","","LPTIM4_IN1","TIM8_BKIN","","ETH2_PPS_OUT","ETH2_MDC","FMC_A21","LTDC_R7","DCMIPP_VSYNC/DCMI_VSYNC/PSSI_RDY","/ADC1_CH4"
"B35","AG5","PG2","I/O","ADC1_INP2","","","RTC_REFIN","I2S3_MCK","I3C3_SDA","SAI2_FS_A","","USART3_CK","","TIM5_CH3","I2C3_SDA","ETH2_MII_TX_CLK","ETH2_RGMII_CLK125","FMC_CLK","LTDC_HSYNC","","/ADC1_CH2"
"B37","AD4","PG1","I/O","ADC1_INP6","","","LPTIM1_IN1","I2S3_MCK","I3C3_SCL","SAI2_SD_A","UART5_CTS","USART3_CTS/USART3_NSS","","TIM5_CH4","I2C3_SCL","ETH2_MII_RX_ER","ETH2_MII_RXD3","FMC_NBL0","LTDC_VSYNC","DCMIPP_D11/DCMI_D11/PSSI_D11","/ADC1_CH6"
"B39","AE7","PC12","I/O","ADC1_INP17","","","LPTIM1_CH2","","I3C3_SCL","","MDF1_CKI2","","","TIM8_CH3","I2C3_SCL","ETH2_MII_RXD1/ETH2_RGMII_RXD1/ETH2_RMII_RXD1","ETH1_MII_RXD3","","LTDC_G1","DCMIPP_D5/DCMI_D5/PSSI_D5","/ADC1_CH17"
"B41","AE6","PB15","I/O","ADC1_INP15","","","LPTIM1_IN2","SPI5_SCK","UART8_DE/UART8_RTS","SAI2_SD_B","UART5_RX","","TIM3_CH2","TIM5_CH1","","ETH1_PPS_OUT","","FMC_A18","LTDC_R4","DCMIPP_D8/DCMI_D8/PSSI_D8","/ADC1_CH15"
"B43","AD8","PC11","I/O","ADC1_INP7","","","LPTIM1_CH1","SPI5_NSS","","SAI2_MCLK_A","UART5_DE/UART5_RTS","USART3_DE/USART3_RTS","TIM3_CH1","TIM5_ETR","","ETH2_MII_RXD3/ETH2_RGMII_RXD3","","FMC_NBL1","LTDC_R2","DCMIPP_D10/DCMI_D10/PSSI_D10","/ADC1_CH7"
"B45","AF9","PC7","I/O","ADC3_INP9","","","","","SPI6_MOSI","SAI3_SD_B","","","","TIM8_CH2N","","ETH2_MII_TXD0/ETH2_RGMII_TXD0/ETH2_RMII_TXD0","ETH1_MII_TXD2","","LTDC_B4","DCMIPP_D1/DCMI_D1/PSSI_D1","/ADC3_CH9"
"B47","AC15","PF2","I/O","ADC1_INP13","","","","SPI3_RDY","","","","I2C4_SMBA","","TIM12_CH1","I2C2_SCL","ETH1_MDIO","ETH2_MII_COL","FMC_NE4","I3C2_SCL","","/ADC1_CH13"
"B49","AA13","PH9","I/O","ADC3_INP4","","","","","SPI6_NSS","SAI3_MCLK_A","","USART6_RX","TIM15_CH1N","","","ETH1_RGMII_CLK125","ETH1_MII_RX_ER","","","","/ADC3_CH4"
"B51","AF11","PF3","I/O","ADC1_INP16","","","","","UART8_RX","SAI2_SCK_B","MDF1_CCK0","","TIM3_CH4","TIM8_BKIN2","ETH1_CLK","ETH2_PPS_OUT","","FMC_A20","LTDC_R6","DCMIPP_HSYNC/DCMI_HSYNC/PSSI_DE","/ADC1_CH16"
"B53","AG10","PC10","I/O","ADC1_INP5","","","","I2S3_SDO/SPI3_MOSI","","","","","LPTIM4_ETR","TIM8_CH4","USBH_HS_VBUSEN","ETH2_MII_TXD3/ETH2_RGMII_TXD3","USB3DR_VBUSEN","FMC_A23","LTDC_G3","DCMIPP_D6/DCMI_D6/PSSI_D6","/ADC1_CH5"
"B55","AA15","PF0","I/O","ADC1_INP11","","","","I2S3_CK/SPI3_SCK","","","","","FDCAN2_RX","TIM12_CH2","I2C2_SDA","ETH1_MDC","ETH2_MII_CRS","","I3C2_SDA","","/ADC1_CH11"
"B57","AE9","PC9","I/O","ADC1_INP8","","","RCC_MCO_1","I2S3_SDI/SPI3_MISO","","SAI2_SCK_A","","","TIM13_CH1","TIM8_CH4N","USBH_HS_OVRCUR","ETH2_MII_TXD2/ETH2_RGMII_TXD2","USB3DR_OVRCUR","FMC_A22","LTDC_G2","DCMIPP_D7/DCMI_D7/PSSI_D7","/ADC1_CH8"
"B59","AA9","PC3","I/O","ADC1_INP12","","","LPTIM1_IN2","I2S3_WS/SPI3_NSS","SPI6_RDY","","","USART6_DE/USART6_RTS","FDCAN2_TX","","","ETH2_MII_RX_DV/ETH2_RGMII_RX_CTL/ETH2_RMII_CRS_DV","ETH1_MII_RX_ER","","LTDC_G6","DCMIPP_D3/DCMI_D3/PSSI_D3","/ADC1_CH12"
"B61","AF14","PH10","I/O","ADC3_INP8","","","","I2S1_CK/SPI1_SCK","SPI6_MOSI","SAI3_SCK_A","","","TIM15_CH1","","ETH2_MDC","ETH1_MII_TXD2/ETH1_RGMII_TXD2","","","","","/ADC3_CH8"
"B63","AG6","VREF+","Power","","","","","","","","","","","","","","","","","","VREF+"
"B65","AF6","VREF-","Power","","","","","","","","","","","","","","","","","","GNDADC"
"B67","J7","VSS","Power","","","","","","","","","","","","","","","","","","GND"
"B69","AF15","PA9","I/O","SAI2_SCK_B","","","","","SPI4_NSS","SAI2_SCK_B","","USART2_CTS/USART2_NSS","LPTIM5_ETR","TIM2_CH3","","ETH1_MDC","","LTDC_G7","DCMIPP_D14/PSSI_D14","ETH3_RGMII_RXD0/ETH3_RMII_RXD0","/PA9"
"B71","AE15","PA10","I/O","TIM2_CH2","","","","","SPI4_MISO","SAI2_SD_B","","USART2_RX","LPTIM5_IN1","TIM2_CH2","","ETH1_MDIO","","LTDC_R6","DCMIPP_D15/PSSI_D15","ETH3_RGMII_RXD1/ETH3_RMII_RXD1","/PA10"
"B73","AB10","PC6","I/O","ADC1_INP9","","","RTC_REFIN","SPDIFRX_IN0","","","MDF1_CKI1","","","TIM8_CH1","I2C4_SCL","ETH2_MDC","ETH1_MII_CRS","FMC_A24","ETH1_PHY_INTN","LTDC_CLK","/ADC1_CH9"
"B75","AE17","PA5","I/O","SAI2_SD_B","","","","","SPI4_MOSI","SAI2_MCLK_B","SAI2_SD_B","USART2_DE/USART2_RTS","FDCAN2_RX","TIM2_CH4","","LTDC_G0","","FMC_A0","DCMIPP_D13/DCMI_D13/PSSI_D13","ETH3_RGMII_RX_CLK/ETH3_RMII_REF_CLK","/PA5"
"B77","K3","VSS","Power","","","","","","","","","","","","","","","","","","GND"
"B79","V6","VSS","Power","","","","","","","","","","","","","","","","","","GND"
"C1","B10","DSIHOST_D1P","MonoIO","DSIHOST_D1P","","","","","","","","","","","","","","","","","/DSI_D1P"
"C2","B7","DSIHOST_D2P","MonoIO","DSIHOST_D2P","","","","","","","","","","","","","","","","","/DSI_D2P"
"C3","A10","DSIHOST_D1N","MonoIO","DSIHOST_D1N","","","","","","","","","","","","","","","","","/DSI_D1N"
"C4","A7","DSIHOST_D2N","MonoIO","DSIHOST_D2N","","","","","","","","","","","","","","","","","/DSI_D2N"
"C5","C9","DSIHOST_D0N","MonoIO","DSIHOST_D0N","","","","","","","","","","","","","","","","","/DSI_D0N"
"C6","A6","DSIHOST_D3P","MonoIO","DSIHOST_D3P","","","","","","","","","","","","","","","","","/DSI_D3P"
"C7","B9","DSIHOST_D0P","MonoIO","DSIHOST_D0P","","","","","","","","","","","","","","","","","/DSI_D0P"
"C8","B6","DSIHOST_D3N","MonoIO","DSIHOST_D3N","","","","","","","","","","","","","","","","","/DSI_D3N"
"C9","C8","DSIHOST_CKN","MonoIO","DSIHOST_CKN","","","","","","","","","","","","","","","","","/DSI_CKN"
"C10","J3","PI6","I/O","LTDC_VSYNC","","","RCC_MCO_1","","","","","USART3_TX","TIM2_ETR","TIM3_CH1","","","","","LTDC_VSYNC","","/LTDC_VSYNC"
"C11","C7","DSIHOST_CKP","MonoIO","DSIHOST_CKP","","","","","","","","","","","","","","","","","/DSI_CKP"
"C12","J5","PI7","I/O","LTDC_HSYNC","","","","","","","","USART3_RX","TIM2_CH1","TIM3_CH2","","","","","LTDC_HSYNC","","/LTDC_HSYNC"
"C13","K6","PG15","I/O","LTDC_B2","","DEBUG_TRACED13","HDP_HDP5","","LPTIM1_CH2","","MDF1_SDI5","USART1_RX","","TIM8_ETR","","","","","LTDC_B2","DCMIPP_D10/DCMI_D10/PSSI_D10","/LTDC_B2"
"C14","L5","PG8","I/O","LTDC_G2","","DEBUG_TRACED6","HDP_HDP6","SPI5_RDY","SPI1_RDY","USART6_CK","UART5_DE/UART5_RTS","UART9_TX","","TIM5_CH3","","","","","LTDC_G2","DCMIPP_D2/DCMI_D2/PSSI_D2","/LTDC_G2"
"C15","K4","PI5","I/O","LTDC_DE","","","","SPI5_MOSI","I2S1_SDO/SPI1_MOSI","","UART5_CTS","UART9_RX","","TIM5_CH2","","","","","LTDC_DE","DCMIPP_D1/DCMI_D1/PSSI_D1","/LTDC_DE"
"C16","M3","PG9","I/O","LTDC_G3","","DEBUG_TRACED7","","","","","UART5_TX","","","TIM5_CH4","","","","","LTDC_G3","DCMIPP_D3/DCMI_D3/PSSI_D3","/LTDC_G3"
"C17","M6","PI1","I/O","LTDC_B4","","DEBUG_TRACED15","HDP_HDP7","SPI7_NSS","","","MDF1_SDI6","","","TIM8_CH3N","I2C1_SDA","I3C1_SDA","","","LTDC_B4","DCMIPP_D8/DCMI_D8/PSSI_D8","/LTDC_B4"
"C18","M4","PG10","I/O","LTDC_G4","","DEBUG_TRACED8","HDP_HDP0","","","","UART5_RX","","","TIM8_CH4N","","","","","LTDC_G4","DCMIPP_D4/DCMI_D4/PSSI_D4","/LTDC_G4"
"C19","L7","PI0","I/O","LTDC_B3","","DEBUG_TRACED14","HDP_HDP6","","LPTIM1_IN1","SAI4_MCLK_B","","USART1_CK","","TIM8_BKIN","","","","","LTDC_B3","DCMIPP_D11/DCMI_D11/PSSI_D11","/LTDC_B3"
"C20","N1","PG14","I/O","LTDC_B1","","DEBUG_TRACED12","HDP_HDP4","SPI7_RDY","","","MDF1_CKI5","USART1_TX","","TIM8_BKIN2","","","","","LTDC_B1","DCMIPP_D9/DCMI_D9/PSSI_D9","/LTDC_B1"
"C21","N5","PI2","I/O","LTDC_B5","","","","","LPTIM1_ETR","SAI4_SCK_B","","USART1_DE/USART1_RTS","","TIM8_CH1","","","","","LTDC_B5","DCMIPP_D13/DCMI_D13/PSSI_D13","/LTDC_B5"
"C22","N2","PG11","I/O","LTDC_G5","","DEBUG_TRACED9","HDP_HDP1","SPI7_MOSI","","","","","FDCAN1_TX","TIM8_CH4","","","","","LTDC_G5","DCMIPP_D5/DCMI_D5/PSSI_D5","/LTDC_G5"
"C23","Y4","VSS","Power","","","","","","","","","","","","","","","","","","GND"
"C24","P1","PG13","I/O","LTDC_G7","","DEBUG_TRACED11","HDP_HDP3","SPI7_SCK","","","MDF1_CKI6","","","TIM8_CH2N","I2C1_SCL","I3C1_SCL","","","LTDC_G7","DCMIPP_D7/DCMI_D7/PSSI_D7","/LTDC_G7"
"C25","AC3","VSSAON","Power","","","","","","","","","","","","","","","","","","GND"
"C26","P2","PF13","I/O","LTDC_R2","","DEBUG_TRACED0","HDP_HDP0","AUDIOCLK","USART6_TX","I2S2_WS/SPI2_NSS","MDF1_CKI7","USART3_CTS/USART3_NSS","FDCAN3_TX","TIM3_CH3","","","","","LTDC_R2","","/LTDC_R2"
"C27","N3","PG12","I/O","LTDC_G6","","DEBUG_TRACED10","HDP_HDP2","SPI7_MISO","","","","","FDCAN1_RX","TIM8_CH1N","","","","","LTDC_G6","DCMIPP_D6/DCMI_D6/PSSI_D6","/LTDC_G6"
"C28","P4","PF12","I/O","LTDC_CLK","","DEBUG_TRACECLK","","SPI5_MISO","I2S1_SDI/SPI1_MISO","","","UART9_DE/UART9_RTS","","TIM5_CH1","","","","","LTDC_CLK","DCMIPP_D0/DCMI_D0/PSSI_D0","/LTDC_CLK"
"C29","N7","PI3","I/O","LTDC_B6","","","","","LPTIM1_IN2","SAI4_SD_B","","USART1_CTS/USART1_NSS","","TIM8_CH2","","","","","LTDC_B6","DCMIPP_D14/PSSI_D14","/LTDC_B6"
"C30","R2","PF15","I/O","LTDC_R4","","DEBUG_TRACED2","HDP_HDP2","SPI2_RDY","USART6_CTS/USART6_NSS","I2S2_CK/SPI2_SCK","","USART3_CK","TIM2_CH2","TIM3_ETR","I2C6_SMBA","","","","LTDC_R4","","/LTDC_R4"
"C31","P6","PI4","I/O","LTDC_B7","","","","","LPTIM1_CH1","SAI4_FS_B","","","","TIM8_CH3","","","","","LTDC_B7","DCMIPP_D15/PSSI_D15","/LTDC_B7"
"C32","P3","PF14","I/O","LTDC_R3","","DEBUG_TRACED1","HDP_HDP1","","USART6_RX","","MDF1_SDI7","USART3_DE/USART3_RTS","FDCAN3_RX","TIM3_CH4","","","","","LTDC_R3","","/LTDC_R3"
"C33","AG18","PH5","I/O","LTDC_G1","","","","","","SAI2_FS_A","","UART8_CTS","TIM2_CH1","UART7_RX","","LTDC_G1","USB3DR_VBUSEN","USBH_HS_VBUSEN","ETH2_PTP_AUX_TS","","/LTDC_G1"
"C34","R3","PG5","I/O","LTDC_R5","","DEBUG_TRACED3","HDP_HDP3","","USART6_DE/USART6_RTS","","","","TIM2_CH3","","I2C6_SDA","","","","LTDC_R5","DCMIPP_PIXCLK/DCMI_PIXCLK/PSSI_PDCK","/LTDC_R5"
"C35","AB16","PH4","I/O","LTDC_R0","","","","","","","","UART7_TX","TIM17_BKIN","","TIM5_CH2","LTDC_R0","USB3DR_OVRCUR","USBH_HS_OVRCUR","ETH1_PTP_AUX_TS","ETH3_PPS_OUT","/LTDC_R0"
"C36","T3","PG6","I/O","LTDC_R6","","DEBUG_TRACED4","HDP_HDP4","SPI5_SCK","I2S1_CK/SPI1_SCK","","","","TIM2_CH4","","I2C6_SCL","","","","LTDC_R6","DCMIPP_HSYNC/DCMI_HSYNC/PSSI_DE","/LTDC_R6"
"C37","AB8","PF7","I/O","LTDC_R1","","","","SPDIFRX_IN1","SPI6_SCK","SAI3_SD_A","","","TIM2_ETR","","","ETH2_RGMII_GTX_CLK","ETH2_MII_TX_CLK","","LTDC_R1","","/LTDC_R1"
"C38","U1","PI9","I/O","LTDC_B0","","","SPI7_MOSI","I2S2_SDO/SPI2_MOSI","","FDCAN2_TX","","UART9_CTS","","TIM16_BKIN","","FMC_NWAIT","","DSIHOST_TE","LTDC_B0","","/LTDC_B0"
"C39","AE10","PF8","I/O","LTDC_G0","","","RTC_REFIN","","SAI3_SCK_B","","","USART3_RX","TIM12_CH2","","ETH1_CLK","ETH2_RGMII_CLK125","ETH2_MII_RX_ER","ETH2_MII_RX_DV/ETH2_RMII_CRS_DV","LTDC_G0","","/LTDC_G0"
"C40","U2","PG7","I/O","LTDC_R7","","DEBUG_TRACED5","HDP_HDP5","SPI5_NSS","I2S1_WS/SPI1_NSS","","","UART9_CTS","","TIM5_ETR","","","","","LTDC_R7","DCMIPP_VSYNC/DCMI_VSYNC/PSSI_RDY","/LTDC_R7"
"","A3","CSI_D0N","MonoIO","","","","","","","","","","","","","","","","","",""
"","A18","PD6","I/O","OCTOSPIM_P1_IO2","","DEBUG_TRACED2","SPI4_MOSI","HDP_HDP5","","SAI1_SCK_B","MDF1_SDI2","","","TIM1_CH2N","TIM4_CH3","OCTOSPIM_P1_IO2","","","DCMIPP_D12/DCMI_D12/PSSI_D12","","/FLASH_IO2"
"","A19","PD1","I/O","","","","HDP_HDP1","I2S1_SDI/SPI1_MISO","SAI1_CK2","","SAI4_SD_A","UART7_DE/UART7_RTS","TIM15_CH1","TIM1_BKIN","FDCAN3_RX","OCTOSPIM_P1_NCLK","OCTOSPIM_P1_NCS2","OCTOSPIM_P2_NCS2","DCMIPP_HSYNC/DCMI_HSYNC/PSSI_DE","",""
"","A22","PE6","I/O","","","","SPI4_RDY","","","SPDIFRX_IN2","","USART1_TX","","TIM1_ETR","","","FMC_D1/FMC_DA1","SDMMC2_D6","SDMMC2_D0DIR","",""
"","B1","LVDS2_D0P","MonoIO","","","","","","","","","","","","","","","","","",""
"","B2","LVDS2_D0N","MonoIO","","","","","","","","","","","","","","","","","",""
"","B3","CSI_D0P","MonoIO","","","","","","","","","","","","","","","","","",""
"","B5","CSI_D1P","MonoIO","","","","","","","","","","","","","","","","","",""
"","B11","PB10","I/O","USART1_RX","","","I2S3_SDI/SPI3_MISO","","","","","USART1_RX","TIM17_CH1N","","","OCTOSPIM_P2_CLK","","FMC_D15/FMC_DA15","","","/USART1_RX"
"","B14","PB3","Input","GPIO_Input","","","","I2S2_WS/SPI2_NSS","","","MDF1_SDI3","","","TIM20_CH3","","OCTOSPIM_P2_IO3","","FMC_NCE3","","","/SD_DETECT_2"
"","B17","PD0","I/O","OCTOSPIM_P1_CLK","","DEBUG_TRACECLK","HDP_HDP0","SPI7_RDY","SAI1_D2","","SAI4_FS_A","UART7_RX","TIM15_CH2","","","OCTOSPIM_P1_CLK","","","DCMIPP_PIXCLK/DCMI_PIXCLK/PSSI_PDCK","","/FLASH_CLK"
"","B18","PD5","I/O","OCTOSPIM_P1_IO1","","DEBUG_TRACED1","SPI4_NSS","HDP_HDP4","SAI1_D4","SAI1_FS_B","","","","TIM1_CH3N","TIM4_CH2","OCTOSPIM_P1_IO1","","","DCMIPP_D13/DCMI_D13/PSSI_D13","","/FLASH_IO1"
"","B22","PE7","I/O","","","","","","SAI4_D4","SPDIFRX_IN3","","USART1_RX","","TIM1_CH4N","","TIM14_CH1","FMC_D2/FMC_DA2","SDMMC2_D7","SDMMC2_D123DIR","",""
"","B26","PD12","I/O","","","","SPI7_MISO","I2S2_SDI/SPI2_MISO","SPDIFRX_IN2","","UART8_DE/UART8_RTS","","","","TIM4_ETR","SDMMC3_CMD","FMC_D6/FMC_DA6","FMC_D1/FMC_DA1","","",""
"","B27","PI11","I/O","","","","","I2S2_MCK","","","UART8_TX","UART9_DE/UART9_RTS","","","TIM4_CH3","SDMMC3_D3","FMC_D15/FMC_DA15","","","",""
"","C2","LVDS2_D1P","MonoIO","","","","","","","","","","","","","","","","","",""
"","C3","LVDS2_D1N","MonoIO","","","","","","","","","","","","","","","","","",""
"","C4","CSI_CKP","MonoIO","","","","","","","","","","","","","","","","","",""
"","C5","CSI_D1N","MonoIO","","","","","","","","","","","","","","","","","",""
"","C11","PB7","I/O","","","","I2S3_CK/SPI3_SCK","","UART4_TX","SAI4_MCLK_B","","","","TIM20_ETR","TIM12_CH1","OCTOSPIM_P2_IO7","","FMC_D10/FMC_DA10","","SDMMC3_CDIR",""
"","C12","PB1","Input","GPIO_Input","","","I2S3_WS/SPI3_NSS","","","","","","TIM16_CH1N","TIM20_CH3N","","OCTOSPIM_P2_IO1","","FMC_NCE4","","","/DFU_BOOT"
"","C15","PD9","Output","GPIO_Output","DEBUG0","DEBUG_TRACED5","HDP_HDP6","I2S1_SDO/SPI1_MOSI","SAI1_SD_A","UART4_DE/UART4_RTS","MDF1_CKI1","","","TIM1_CH3","","OCTOSPIM_P1_IO5","SDMMC1_D6","SDMMC1_D0DIR","DCMIPP_D9/DCMI_D9/PSSI_D9","","/DEBUG0"
"","C16","PD8","Output","GPIO_Output","DEBUG1","DEBUG_TRACED4","SPI4_RDY","I2S1_MCK","SAI1_FS_A","UART4_CTS","MDF1_SDI1","","","TIM1_CH4","TIM4_ETR","OCTOSPIM_P1_IO4","SDMMC1_D7","SDMMC1_D123DIR","DCMIPP_D10/DCMI_D10/PSSI_D10","","/DEBUG1"
"","C18","PD4","I/O","OCTOSPIM_P1_IO0","","DEBUG_TRACED0","SPI4_MISO","HDP_HDP3","SAI1_D3","SAI1_SD_B","","","","TIM1_CH4N","TIM4_CH1","OCTOSPIM_P1_IO0","","","DCMIPP_D14/PSSI_D14","","/FLASH_IO0"
"","C23","PE8","I/O","","","","SPI4_MOSI","","SAI4_CK1","SAI4_MCLK_A","MDF1_CKI0","","","TIM1_CH1","","","FMC_A17/FMC_ALE","SDMMC2_D2","","",""
"","C25","PE12","Output","GPIO_Output","","","SPI4_NSS","","SAI4_CK2","SAI4_SCK_A","MDF1_SDI0","USART1_DE/USART1_RTS","","TIM1_CH2","","FMC_NE2","FMC_NCE1","SDMMC2_D3","","",""
"","C26","PB12","I/O","","","","","","","","UART8_CTS","","TIM13_CH1","","DSIHOST_TE","SDMMC3_D2","FMC_NWAIT","","","DCMIPP_D12/DCMI_D12/PSSI_D12",""
"","C27","PB14","I/O","","","","","I2S2_CK/SPI2_SCK","","","MDF1_CKI7","UART9_RX","","","TIM4_CH2","SDMMC3_D0","FMC_D7/FMC_DA7","FMC_D2/FMC_DA2","","",""
"","D3","LVDS2_D2N","MonoIO","","","","","","","","","","","","","","","","","",""
"","D4","CSI_CKN","MonoIO","","","","","","","","","","","","","","","","","",""
"","D6","DSIHOST_REXT","MonoIO","DSIHOST_REXT","","","","","","","","","","","","","","","","","Net-(U1D-DSI_REXT)"
"","D8","PB8","I/O","USART1_TX","","","I2S3_SDO/SPI3_MOSI","","","PCIE_CLKREQN","","USART1_TX","TIM17_CH1","TIM20_CH4","","OCTOSPIM_P2_NCS1","","FMC_D12/FMC_DA12","","","/USART1_TX"
"","D10","VDDIO3","Power","","","","","","","","","","","","","","","","","","VDD_IO"
"","D14","VDDIO1","Power","","","","","","","","","","","","","","","","","","/Power/VDDIO_SDCARD"
"","D16","PI10","I/O","","","","SAI1_SCK_A","I2S1_CK/SPI1_SCK","SPDIFRX_IN0","FDCAN2_RX","MDF1_CCK0","","","TIM4_CH1","","","","FMC_D12/FMC_DA12","DSIHOST_TE","",""
"","D18","VDDIO2","Power","","","","","","","","","","","","","","","","","","+1V8"
"","D20","PD7","I/O","OCTOSPIM_P1_IO3","","DEBUG_TRACED3","SPI4_SCK","SPI1_RDY","","SAI1_MCLK_B","MDF1_CKI2","","","TIM1_CH1N","TIM4_CH4","OCTOSPIM_P1_IO3","","","DCMIPP_D11/DCMI_D11/PSSI_D11","","/FLASH_IO3"
"","D22","PE10","I/O","","","","SPI4_SCK","","SAI4_D1","SAI4_SD_A","","USART1_CTS/USART1_NSS","","TIM1_CH3","","FMC_NE3","FMC_NCE2","SDMMC2_D4","SDMMC2_CKIN","",""
"","E1","LVDS2_D3P","MonoIO","","","","","","","","","","","","","","","","","",""
"","E2","LVDS2_D3N","MonoIO","","","","","","","","","","","","","","","","","",""
"","E3","LVDS2_D2P","MonoIO","","","","","","","","","","","","","","","","","",""
"","E5","VDDCSI","Power","","","","","","","","","","","","","","","","","","VDD_CORE"
"","E9","VDDIO4","Power","","","","","","","","","","","","","","","","","","VDD_IO"
"","E11","VDDIO3","Power","","","","","","","","","","","","","","","","","","VDD_IO"
"","E13","VDDIO1","Power","","","","","","","","","","","","","","","","","","/Power/VDDIO_SDCARD"
"","E15","PD15","I/O","I2C7_SCL","","","SPI1_RDY","","","","DSIHOST_TE","I2C5_SDA","FDCAN1_TX","TIM1_BKIN2","TIM5_ETR","I2C7_SCL","FMC_D3/FMC_DA3","SDMMC3_CKIN","DCMIPP_D0/DCMI_D0/PSSI_D0","","/I2C7.SCL"
"","E17","VDDIO2","Power","","","","","","","","","","","","","","","","","","+1V8"
"","E19","PD14","I/O","I2C7_SDA","","","","I2S1_MCK","","","","","FDCAN1_RX","TIM11_CH1","","I2C7_SDA","FMC_D4/FMC_DA4","SDMMC3_D3","DCMIPP_D1/DCMI_D1/PSSI_D1","","/I2C7.SDA"
"","E21","DDR_RESETN","MonoIO","","","","","","","","","","","","","","","","","","/DDR/DDR_RESETN"
"","E23","DDR_A23","MonoIO","","","","","","","","","","","","","","","","","","/DDR/DDR_WEN"
"","E25","DDR_DQ19","MonoIO","","","","","","","","","","","","","","","","","",""
"","E26","DDR_DQ17","MonoIO","","","","","","","","","","","","","","","","","",""
"","F1","LVDS2_D4P","MonoIO","","","","","","","","","","","","","","","","","",""
"","F2","LVDS2_D4N","MonoIO","","","","","","","","","","","","","","","","","",""
"","F4","VDDLVDS","Power","","","","","","","","","","","","","","","","","","VDD_CORE"
"","F6","CSI_REXT","MonoIO","","","","","","","","","","","","","","","","","",""
"","F8","VDDDSI","Power","","","","","","","","","","","","","","","","","","VDD_CORE"
"","F10","PB9","I/O","","","","SPI3_RDY","","","","","USART1_DE/USART1_RTS","FDCAN1_TX","TIM20_BKIN","TIM10_CH1","OCTOSPIM_P2_DQS","OCTOSPIM_P2_NCS2","FMC_D13/FMC_DA13","","",""
"","F18","VDDCPU","Power","","","","","","","","","","","","","","","","","","VDD_CPU"
"","F20","VDDA18DDR","Power","","","","","","","","","","","","","","","","","","+1V8"
"","F22","DDR_A22","MonoIO","","","","","","","","","","","","","","","","","","/DDR/DDR_ACTN"
"","F24","DDR_DQ18","MonoIO","","","","","","","","","","","","","","","","","",""
"","F25","DDR_DQ16","MonoIO","","","","","","","","","","","","","","","","","",""
"","F26","DDR_DQS2N","MonoIO","","","","","","","","","","","","","","","","","",""
"","F27","DDR_DQS2P","MonoIO","","","","","","","","","","","","","","","","","",""
"","G2","LVDS1_D0P","MonoIO","","","","","","","","","","","","","","","","","",""
"","G3","LVDS1_D0N","MonoIO","","","","","","","","","","","","","","","","","",""
"","G5","VDDA18LVDS","Power","","","","","","","","","","","","","","","","","","+1V8"
"","G7","VDDA18CSI","Power","","","","","","","","","","","","","","","","","","+1V8"
"","G9","VDDA18DSI","Power","","","","","","","","","","","","","","","","","","+1V8"
"","G11","VDDIO4","Power","","","","","","","","","","","","","","","","","","VDD_IO"
"","G13","PD3","I/O","OCTOSPIM_P1_NCS1","","","SAI1_MCLK_A","I2S2_CK/SPI2_SCK","SAI1_D1","","SAI4_MCLK_A","UART7_TX","TIM15_CH1N","TIM1_BKIN2","","OCTOSPIM_P1_NCS1","","","DCMIPP_D15/PSSI_D15","","/FLASH_CS"
"","G15","VDDCPU","Power","","","","","","","","","","","","","","","","","","VDD_CPU"
"","G17","VDDCPU","Power","","","","","","","","","","","","","","","","","","VDD_CPU"
"","G19","VDDA18PLL1","Power","","","","","","","","","","","","","","","","","","+1V8"
"","G21","DDR_VREF","MonoIO","","","","","","","","","","","","","","","","","",""
"","G23","DDR_A18","MonoIO","","","","","","","","","","","","","","","","","",""
"","G25","DDR_DQ23","MonoIO","","","","","","","","","","","","","","","","","",""
"","G26","DDR_DQ22","MonoIO","","","","","","","","","","","","","","","","","",""
"","G27","DDR_DQM2","MonoIO","","","","","","","","","","","","","","","","","",""
"","H3","LVDS1_D1P","MonoIO","","","","","","","","","","","","","","","","","",""
"","H4","LVDS1_D1N","MonoIO","","","","","","","","","","","","","","","","","",""
"","H6","VDDA18PLL2","Power","","","","","","","","","","","","","","","","","","+1V8"
"","H22","DDR_A21","MonoIO","","","","","","","","","","","","","","","","","","/DDR/DDR_BG0"
"","H24","DDR_A17","MonoIO","","","","","","","","","","","","","","","","","","/DDR/DDR_A10"
"","H25","DDR_DQ21","MonoIO","","","","","","","","","","","","","","","","","",""
"","J1","LVDS1_D2P","MonoIO","","","","","","","","","","","","","","","","","",""
"","J2","LVDS1_D2N","MonoIO","","","","","","","","","","","","","","","","","",""
"","J21","DDR_A20","MonoIO","","","","","","","","","","","","","","","","","","/DDR/DDR_A4"
"","J23","DDR_A16","MonoIO","","","","","","","","","","","","","","","","","","/DDR/DDR_BA0"
"","J25","DDR_DQ20","MonoIO","","","","","","","","","","","","","","","","","",""
"","J26","DDR_DQ24","MonoIO","","","","","","","","","","","","","","","","","",""
"","K1","LVDS1_D4P","MonoIO","","","","","","","","","","","","","","","","","",""
"","K2","LVDS1_D4N","MonoIO","","","","","","","","","","","","","","","","","",""
"","K22","DDR_ZQ","MonoIO","","","","","","","","","","","","","","","","","","Net-(U1F-DDR_ZQ)"
"","K24","DDR_A13","MonoIO","","","","","","","","","","","","","","","","","","/DDR/DDR_A6"
"","K25","DDR_DQ25","MonoIO","","","","","","","","","","","","","","","","","",""
"","K26","DDR_DQ26","MonoIO","","","","","","","","","","","","","","","","","",""
"","K27","DDR_DQ27","MonoIO","","","","","","","","","","","","","","","","","",""
"","L2","LVDS1_D3P","MonoIO","","","","","","","","","","","","","","","","","",""
"","L3","LVDS1_D3N","MonoIO","","","","","","","","","","","","","","","","","",""
"","L21","DDR_A19","MonoIO","","","","","","","","","","","","","","","","","",""
"","L23","DDR_A12","MonoIO","","","","","","","","","","","","","","","","","","/DDR/DDR_A0"
"","L25","DDR_DQ28","MonoIO","","","","","","","","","","","","","","","","","",""
"","L26","DDR_DQS3P","MonoIO","","","","","","","","","","","","","","","","","",""
"","L27","DDR_DQS3N","MonoIO","","","","","","","","","","","","","","","","","",""
"","M22","VDDQDDR","Power","","","","","","","","","","","","","","","","","","VDD_DDR"
"","M24","DDR_A14","MonoIO","","","","","","","","","","","","","","","","","","/DDR/DDR_A8"
"","M25","DDR_DQM3","MonoIO","","","","","","","","","","","","","","","","","",""
"","N21","VDDQDDR","Power","","","","","","","","","","","","","","","","","","VDD_DDR"
"","N23","DDR_A15","MonoIO","","","","","","","","","","","","","","","","","","/DDR/DDR_A2"
"","N25","DDR_DQ29","MonoIO","","","","","","","","","","","","","","","","","",""
"","N26","DDR_DQ30","MonoIO","","","","","","","","","","","","","","","","","",""
"","P22","DDR_A3","MonoIO","","","","","","","","","","","","","","","","","","/DDR/DDR_ODT"
"","P24","DDR_A11","MonoIO","","","","","","","","","","","","","","","","","","/DDR/DDR_A11"
"","P25","DDR_DQ31","MonoIO","","","","","","","","","","","","","","","","","",""
"","P26","DDR_DQ11","MonoIO","","","","","","","","","","","","","","","","","","/DDR/DDR_DQ11"
"","P27","DDR_DQ10","MonoIO","","","","","","","","","","","","","","","","","","/DDR/DDR_DQ10"
"","R5","PZ5","I/O","","","","RCC_MCO_1","LPTIM3_ETR","SPI8_SCK","","ADF1_CCK0","LPUART1_DE/LPUART1_RTS","LPTIM5_IN1","","","LPTIM4_CH2","","","","",""
"","R7","V08CAP","Power","","","","","","","","","","","","","","","","","","Net-(U1G-V08CAP)"
"","R21","VDDQDDR","Power","","","","","","","","","","","","","","","","","","VDD_DDR"
"","R23","DDR_A10","MonoIO","","","","","","","","","","","","","","","","","","/DDR/DDR_RASN"
"","R25","DDR_DQS1N","MonoIO","","","","","","","","","","","","","","","","","","/DDR/DDR_DQS1_N"
"","R26","DDR_DQ9","MonoIO","","","","","","","","","","","","","","","","","","/DDR/DDR_DQ9"
"","R27","DDR_DQ8","MonoIO","","","","","","","","","","","","","","","","","","/DDR/DDR_DQ8"
"","T4","PZ0","I/O","","","","","LPTIM3_IN1","SPI8_MOSI","TIM8_CH1","","LPUART1_TX","LPTIM5_OUT","I2C8_SDA","","LPTIM3_CH2","I3C4_SDA","","","",""
"","T6","VBAT","Power","","","","","","","","","","","","","","","","","","VDD_IO"
"","T22","DDR_A9","MonoIO","","","","","","","","","","","","","","","","","","/DDR/DDR_CASN"
"","T24","DDR_A5","MonoIO","","","","","","","","","","","","","","","","","","/DDR/DDR_CLK_N"
"","T25","DDR_DQS1P","MonoIO","","","","","","","","","","","","","","","","","","/DDR/DDR_DQS1_P"
"","U3","PZ9","I/O","","","","RCC_MCO_2","","SPI8_RDY","MDF1_CKI5","","LPUART1_TX","LPTIM4_ETR","I2C8_SDA","","LPTIM3_CH2","I3C4_SDA","","","",""
"","U5","PI8","I/O","","","","","","","","","","","","","","","","","",""
"","U7","PZ1","I/O","","","","","LPTIM3_CH1","SPI8_MISO","TIM8_CH2","","LPUART1_RX","LPTIM5_ETR","I2C8_SCL","I2C8_SMBA","","I3C4_SCL","","","",""
"","U21","DDR_A0","MonoIO","","","","","","","","","","","","","","","","","","/DDR/DDR_CKE"
"","U23","DDR_A4","MonoIO","","","","","","","","","","","","","","","","","","/DDR/DDR_CLK_P"
"","U25","DDR_DQ15","MonoIO","","","","","","","","","","","","","","","","","","/DDR/DDR_DQ15"
"","U26","DDR_DQM1","MonoIO","","","","","","","","","","","","","","","","","","/DDR/DDR_DQM1"
"","V1","PZ8","I/O","","","","","LPTIM3_IN1","SPI8_MISO","MDF1_SDI5","ADF1_SDI0","LPUART1_RX","LPTIM4_CH1","I2C8_SMBA","LPTIM5_ETR","","","","","",""
"","V2","PZ7","I/O","","","","","","SPI8_MOSI","MDF1_CCK1","ADF1_CCK1","LPUART1_TX","LPTIM5_IN1","","","LPTIM3_CH2","","","","",""
"","V3","PZ4","I/O","","","DEBUG_DBTRGI","DEBUG_DBTRGO","RCC_MCO_2","SPI8_RDY","MDF1_CCK1","ADF1_CCK1","LPUART1_RX","LPTIM4_CH1","I2C8_SCL","","","I3C4_SCL","","","",""
"","V4","PZ6","I/O","","","DEBUG_DBTRGI","DEBUG_DBTRGO","","SPI8_NSS","TIM8_CH3","ADF1_SDI0","LPUART1_CTS","LPTIM5_OUT","","","LPTIM4_CH2","","","","",""
"","V22","DDR_A8","MonoIO","","","","","","","","","","","","","","","","","","/DDR/DDR_A3"
"","V24","DDR_A2","MonoIO","","","","","","","","","","","","","","","","","","/DDR/DDR_CSN"
"","V25","DDR_DQ14","MonoIO","","","","","","","","","","","","","","","","","","/DDR/DDR_DQ14"
"","V26","DDR_DQ12","MonoIO","","","","","","","","","","","","","","","","","","/DDR/DDR_DQ12"
"","V27","DDR_DQ13","MonoIO","","","","","","","","","","","","","","","","","","/DDR/DDR_DQ13"
"","W2","PDR_ON","MonoIO","","","","","","","","","","","","","","","","","","VDDA_1V8"
"","W3","NRSTC1MS","Reset","","","","","","","","","","","","","","","","","","/NRSTC1MS"
"","W5","PZ2","I/O","","","","","LPTIM3_CH1","SPI8_SCK","","ADF1_CCK0","LPUART1_DE/LPUART1_RTS","LPTIM4_ETR","I2C8_SCL","","","I3C4_SCL","","","",""
"","W7","PC13","Output","GPIO_Output","PMIC_WAKEUP","","","","","","","","","","","","","","","","/PMIC_WAKEUPn"
"","W21","DDR_A25","MonoIO","","","","","","","","","","","","","","","","","","/DDR/DDR_A5"
"","W23","DDR_A31","MonoIO","","","","","","","","","","","","","","","","","","/DDR/DDR_A12"
"","W25","DDR_DQ4","MonoIO","","","","","","","","","","","","","","","","","","/DDR/DDR_DQ4"
"","W26","DDR_DQ6","MonoIO","","","","","","","","","","","","","","","","","","/DDR/DDR_DQ6"
"","W27","DDR_DQ5","MonoIO","","","","","","","","","","","","","","","","","","/DDR/DDR_DQ5"
"","Y3","BOOT0","Boot","","","","","","","","","","","","","","","","","","/BOOT0"
"","Y6","PZ3","I/O","","","DEBUG_DBTRGI","DEBUG_DBTRGO","LPTIM3_ETR","SPI8_NSS","MDF1_SDI5","ADF1_SDI0","LPUART1_CTS","LPTIM4_IN1","I2C8_SDA","","LPTIM4_CH2","I3C4_SDA","","","",""
"","Y22","DDR_A29","MonoIO","","","","","","","","","","","","","","","","","","/DDR/DDR_A1"
"","Y24","DDR_A6","MonoIO","","","","","","","","","","","","","","","","","",""
"","Y25","DDR_DQ7","MonoIO","","","","","","","","","","","","","","","","","","/DDR/DDR_DQ7"
"","AA1","OSC32_OUT","MonoIO","","","","","","","","","","","","","","","","","",""
"","AA2","OSC32_IN","MonoIO","","","","","","","","","","","","","","","","","",""
"","AA3","BOOT1","Boot","","","","","","","","","","","","","","","","","","/BOOT1"
"","AA5","JTCK-SWCLK","MonoIO","DEBUG_JTCK-SWCLK","","","","","","","","","","","","","","","","","/JTCK_SWCLK"
"","AA17","PA8","I/O","","","","LPTIM2_CH2","SPI7_NSS","","SAI1_FS_B","","USART1_CK","","USART2_RX","I2C5_SCL","","","LTDC_B2","DCMIPP_D4/DCMI_D4/PSSI_D4","",""
"","AA19","UCPD1_CC2","MonoIO","","","","","","","","","","","","","","","","","","/USBPD_CC2"
"","AA21","DDR_A30","MonoIO","","","","","","","","","","","","","","","","","","/DDR/DDR_A7"
"","AA23","DDR_A27","MonoIO","","","","","","","","","","","","","","","","","","/DDR/DDR_BA1"
"","AA25","DDR_DQS0P","MonoIO","","","","","","","","","","","","","","","","","","/DDR/DDR_DQS0_P"
"","AA26","DDR_DQS0N","MonoIO","","","","","","","","","","","","","","","","","","/DDR/DDR_DQS0_N"
"","AB1","BOOT2","Boot","","","","","","","","","","","","","","","","","","/BOOT2"
"","AB2","BOOT3","Boot","","","","","","","","","","","","","","","","","","GND"
"","AB3","VDDA18AON","Power","","","","","","","","","","","","","","","","","","VDDA_1V8"
"","AB4","PWR_CPU_ON","MonoIO","","","","","","","","","","","","","","","","","","/PWR_CPU_ON"
"","AB6","VDDA18ADC","Power","","","","","","","","","","","","","","","","","","Net-(U1G-VDDA18ADC)"
"","AB12","PA14","I/O","","","","SPI8_NSS","LPTIM2_CH2","","SAI4_FS_B","MDF1_CCK1","","","","","ETH1_MII_RX_CLK/ETH1_RGMII_RX_CLK/ETH1_RMII_REF_CLK","","","","",""
"","AB14","PC0","I/O","","","","LPTIM1_CH1","","SPI6_SCK","SAI3_MCLK_B","USART6_TX","","","","DCMIPP_D0/DCMI_D0/PSSI_D0","ETH2_MII_RX_CLK/ETH2_RMII_REF_CLK","ETH1_MII_TX_CLK","ETH1_RGMII_GTX_CLK","LTDC_G7","",""
"","AB18","UCPD1_CC1","MonoIO","","","","","","","","","","","","","","","","","","/USBPD_CC1"
"","AB20","VDDCOMBOPHY","Power","","","","","","","","","","","","","","","","","","Net-(U1G-VDDCOMBOPHY)"
"","AB22","VDDCOMBOPHYTX","Power","","","","","","","","","","","","","","","","","","Net-(U1G-VDDCOMBOPHY)"
"","AB24","DDR_A26","MonoIO","","","","","","","","","","","","","","","","","","/DDR/DDR_A9"
"","AB25","DDR_DQM0","MonoIO","","","","","","","","","","","","","","","","","","/DDR/DDR_DQM0"
"","AB26","DDR_DQ0","MonoIO","","","","","","","","","","","","","","","","","","/DDR/DDR_DQ0"
"","AB27","DDR_DQ2","MonoIO","","","","","","","","","","","","","","","","","","/DDR/DDR_DQ2"
"","AC2","JTDO-TRACESWO","MonoIO","DEBUG_JTDO-SWO","","","","","","","","","","","","","","","","","/JTDO_SWO"
"","AC5","VSSA","Power","","","","","","","","","","","","","","","","","","GND"
"","AC7","PF6","I/O","","","","RTC_OUT2","","SAI3_MCLK_B","","","USART6_CK","TIM12_CH1","","I2C3_SMBA","ETH2_MII_RX_CLK/ETH2_RGMII_RX_CLK/ETH2_RMII_REF_CLK","","","LTDC_B0","",""
"","AC11","VSS","Power","","","","","","","","","","","","","","","","","","GND"
"","AC17","PH2","I/O","","","","LPTIM2_CH1","SPI7_RDY","SPDIFRX_IN3","SAI1_SCK_B","I3C3_SDA","","TIM16_CH1","I2C5_SDA","I2C3_SDA","","","","","ETH3_RGMII_GTX_CLK",""
"","AC19","PA1","I/O","","","","","SPI6_MISO","","SAI3_SD_A","USART1_DE/USART1_RTS","USART6_CK","TIM4_CH2","I2C4_SDA","I2C6_SDA","","LTDC_R3","","DCMIPP_D5/DCMI_D5/PSSI_D5","ETH3_PHY_INTN",""
"","AC21","VDDPCIECLK","Power","","","","","","","","","","","","","","","","","","Net-(U1G-VDDCOMBOPHY)"
"","AC23","DDR_A28","MonoIO","","","","","","","","","","","","","","","","","","/DDR/DDR_A13"
"","AC25","DDR_A7","MonoIO","","","","","","","","","","","","","","","","","",""
"","AC26","DDR_DQ1","MonoIO","","","","","","","","","","","","","","","","","","/DDR/DDR_DQ1"
"","AC27","DDR_DQ3","MonoIO","","","","","","","","","","","","","","","","","","/DDR/DDR_DQ3"
"","AD3","PWR_ON","Power","","","","","","","","","","","","","","","","","","/PWR_ON"
"","AD12","PA11","I/O","","","","SPI8_SCK","LPTIM2_CH1","","SAI4_SD_B","MDF1_SDI4","","","","","ETH1_MII_RX_DV/ETH1_RGMII_RX_CTL/ETH1_RMII_CRS_DV","","","","",""
"","AD14","PA13","I/O","","","","SPI8_RDY","I2S3_MCK","LPTIM2_ETR","","MDF1_CKI3","USART2_CTS/USART2_NSS","","","I2C7_SMBA","ETH1_MII_TX_EN/ETH1_RGMII_TX_CTL/ETH1_RMII_TX_EN","","","","",""
"","AD18","PA3","I/O","","","","LPTIM2_ETR","SPI7_MOSI","","","MDF1_CKI7","USART1_TX","","I3C1_SCL","I2C7_SMBA","I2C1_SCL","LTDC_B1","","DCMIPP_D2/DCMI_D2/PSSI_D2","ETH3_RGMII_TX_CTL/ETH3_RMII_TX_EN",""
"","AD20","DNU","MonoIO","","","","","","","","","","","","","","","","","",""
"","AD22","VDDA18USB","Power","","","","","","","","","","","","","","","","","","+1V8"
"","AD24","COMBOPHY_TX1N","MonoIO","","","","","","","","","","","","","","","","","",""
"","AD25","DDR_A1","MonoIO","","","","","","","","","","","","","","","","","",""
"","AE1","NRST","Reset","","","","","","","","","","","","","","","","","","/NRST"
"","AE2","JTMS-SWDIO","MonoIO","DEBUG_JTMS-SWDIO","","","","","","","","","","","","","","","","","/JTMS_SWDIO"
"","AE3","JTDI","MonoIO","DEBUG_JTDI","","","","","","","","","","","","","","","","","/JTDI"
"","AE12","PC2","I/O","","","","SPI8_MOSI","LPTIM2_IN1","","SAI4_MCLK_B","MDF1_SDI3","USART2_DE/USART2_RTS","","","","ETH1_MII_RXD1/ETH1_RGMII_RXD1/ETH1_RMII_RXD1","","","","",""
"","AE13","PA15","I/O","","","","","I2S3_SDI/SPI3_MISO","","","","USART2_RX","","","I2C7_SDA","ETH1_MII_TXD0/ETH1_RGMII_TXD0/ETH1_RMII_TXD0","","","","",""
"","AE14","PH11","I/O","","","","","","SPI6_MISO","SAI3_FS_A","","","TIM15_CH2","","ETH2_MDIO","ETH1_MII_TXD3/ETH1_RGMII_TXD3","","","","",""
"","AE18","PA7","I/O","","","","","AUDIOCLK","SPI6_RDY","PCIE_CLKREQN","MDF1_CCK0","USART1_CTS/USART1_NSS","TIM4_ETR","I2C2_SMBA","I2C6_SMBA","LTDC_B5","I2C3_SMBA","I2C4_SMBA","DCMIPP_D6/DCMI_D6/PSSI_D6","ETH3_RGMII_TXD1/ETH3_RMII_TXD1",""
"","AE19","PH3","Input","GPIO_Input","USB_VBUS","","","I2S1_WS/SPI1_NSS","","","","UART7_RX","TIM17_CH1N","","TIM5_CH3","I2C7_SCL","","","","ETH3_RGMII_TXD3","/USB_VBUS"
"","AE20","USBH_HS_TXRTUNE","MonoIO","","","","","","","","","","","","","","","","","",""
"","AE21","VDD33_USB","Power","","","","","","","","","","","","","","","","","","Net-(U1G-VDD33UCPD)"
"","AE22","VDD33UCPD","Power","","","","","","","","","","","","","","","","","","Net-(U1G-VDD33UCPD)"
"","AE23","VDDA18COMBOPHY","Power","","","","","","","","","","","","","","","","","","+1V8"
"","AE24","COMBOPHY_TX1P","MonoIO","","","","","","","","","","","","","","","","","",""
"","AE25","PCIE_CLKINP","MonoIO","","","","","","","","","","","","","","","","","",""
"","AE26","PCIE_CLKINN","MonoIO","","","","","","","","","","","","","","","","","",""
"","AF1","PWR_LP","Power","","","","","","","","","","","","","","","","","",""
"","AF2","OSC_OUT","I/O","RCC_OSC_OUT","","","","","","","","","","","","","","","","","/HSE_OUT"
"","AF3","NJTRST","MonoIO","DEBUG_JTRST","","","","","","","","","","","","","","","","","/JTRST"
"","AF5","PA0","Output","GPIO_Output","MP257_WAKEUP","","LPTIM1_CH2","SPI5_RDY","UART8_CTS","SAI2_MCLK_B","UART5_TX","USART3_TX","TIM3_ETR","TIM5_CH2","","ETH2_MII_RXD2","","FMC_NL","","DCMIPP_D9/DCMI_D9/PSSI_D9","/MP257_WAKEUP"
"","AF7","PG0","I/O","","","","LPTIM1_IN1","","I3C3_SDA","","MDF1_SDI2","","","TIM8_CH3N","I2C3_SDA","ETH2_MII_RXD0/ETH2_RGMII_RXD0/ETH2_RMII_RXD0","ETH1_MII_RXD2","","LTDC_G5","DCMIPP_D4/DCMI_D4/PSSI_D4",""
"","AF13","PH12","I/O","","","","","I2S3_WS/SPI3_NSS","SPI6_MISO","","","","","TIM10_CH1","","ETH1_MII_RXD2/ETH1_RGMII_RXD2","","","","",""
"","AF17","PA2","I/O","","","","LPTIM2_IN1","SPI7_MISO","","","MDF1_SDI7","USART1_RX","","I3C1_SDA","","I2C1_SDA","LTDC_B0","","DCMIPP_D3/DCMI_D3/PSSI_D3","ETH3_RGMII_RX_CTL/ETH3_RMII_CRS_DV",""
"","AF18","PA6","I/O","","","","","","SPI4_SCK","SAI2_FS_B","MDF1_SDI6","USART2_CK","TIM13_CH1","TIM2_ETR","","LTDC_G4","","FMC_NE1","DCMIPP_D12/DCMI_D12/PSSI_D12","ETH3_RGMII_TXD0/ETH3_RMII_TXD0",""
"","AF19","PH6","I/O","","","","LPTIM2_IN2","","","SAI1_MCLK_B","I3C3_SCL","","TIM16_CH1N","I2C5_SCL","I2C3_SCL","I2C1_SMBA","","","","ETH3_RGMII_TXD2",""
"","AF21","USBH_HS_DP","MonoIO","","","","","","","","","","","","","","","","","",""
"","AF23","USB3DR_TXRTUNE","MonoIO","USB3DR_TXRTUNE","","","","","","","","","","","","","","","","","Net-(U1E-USB3DR_TXRTUNE)"
"","AF25","COMBOPHY_RX1N","MonoIO","","","","","","","","","","","","","","","","","",""
"","AF26","PCIE_CLKOUTP","MonoIO","","","","","","","","","","","","","","","","","",""
"","AF27","COMBOPHY_REXT","MonoIO","","","","","","","","","","","","","","","","","",""
"","AG1","VSS","Power","","","","","","","","","","","","","","","","","","GND"
"","AG2","OSC_IN","I/O","RCC_OSC_IN","","","","","","","","","","","","","","","","","/HSE_IN"
"","AG13","PH13","I/O","","","","","I2S3_CK/SPI3_SCK","SPI6_MOSI","","","","TIM15_BKIN","TIM11_CH1","","ETH1_MII_RXD3/ETH1_RGMII_RXD3","","","","",""
"","AG14","PC1","I/O","","","","","I2S3_SDO/SPI3_MOSI","","","","USART2_TX","","","I2C7_SCL","ETH1_MII_TXD1/ETH1_RGMII_TXD1/ETH1_RMII_TXD1","","","","",""
"","AG17","PA4","I/O","","","","","","","","","USART2_TX","FDCAN2_TX","TIM2_CH1","","LTDC_R1","","","ETH1_PTP_AUX_TS","ETH3_PPS_OUT",""
"","AG21","USBH_HS_DM","MonoIO","","","","","","","","","","","","","","","","","",""
"","AG25","COMBOPHY_RX1P","MonoIO","","","","","","","","","","","","","","","","","",""
"","AG26","PCIE_CLKOUTN","MonoIO","","","","","","","","","","","","","","","","","",""
"","AG27","VSS","Power","","","","","","","","","","","","","","","","","","GND"
"","1A1","VSS","Power","","","","","","","","","","","","","","","","","","GND"
"","1A3","VSS","Power","","","","","","","","","","","","","","","","","","GND"
"","1A5","VSS","Power","","","","","","","","","","","","","","","","","","GND"
"","1A7","VSS","Power","","","","","","","","","","","","","","","","","","GND"
"","1A9","VSS","Power","","","","","","","","","","","","","","","","","","GND"
"","1A11","VSS","Power","","","","","","","","","","","","","","","","","","GND"
"","1B2","VSS","Power","","","","","","","","","","","","","","","","","","GND"
"","1B4","VSS","Power","","","","","","","","","","","","","","","","","","GND"
"","1B6","VSS","Power","","","","","","","","","","","","","","","","","","GND"
"","1B8","VSS","Power","","","","","","","","","","","","","","","","","","GND"
"","1B10","VSS","Power","","","","","","","","","","","","","","","","","","GND"
"","1B12","VSS","Power","","","","","","","","","","","","","","","","","","GND"
"","1C1","VDDCORE","Power","","","","","","","","","","","","","","","","","","VDD_CORE"
"","1C3","VDDCORE","Power","","","","","","","","","","","","","","","","","","VDD_CORE"
"","1C5","VDDCORE","Power","","","","","","","","","","","","","","","","","","VDD_CORE"
"","1C7","VDDCPU","Power","","","","","","","","","","","","","","","","","","VDD_CPU"
"","1C9","VDDCPU","Power","","","","","","","","","","","","","","","","","","VDD_CPU"
"","1C11","VDDQDDR","Power","","","","","","","","","","","","","","","","","","VDD_DDR"
"","1D2","VDDCORE","Power","","","","","","","","","","","","","","","","","","VDD_CORE"
"","1D4","VDDCORE","Power","","","","","","","","","","","","","","","","","","VDD_CORE"
"","1D6","VDDCPU","Power","","","","","","","","","","","","","","","","","","VDD_CPU"
"","1D8","VDDCPU","Power","","","","","","","","","","","","","","","","","","VDD_CPU"
"","1D10","VDDCPU","Power","","","","","","","","","","","","","","","","","","VDD_CPU"
"","1D12","VDDQDDR","Power","","","","","","","","","","","","","","","","","","VDD_DDR"
"","1E1","VDDA18PLL3","Power","","","","","","","","","","","","","","","","","","+1V8"
"","1E3","VDDCORE","Power","","","","","","","","","","","","","","","","","","VDD_CORE"
"","1E5","VDDCORE","Power","","","","","","","","","","","","","","","","","","VDD_CORE"
"","1E7","VSS","Power","","","","","","","","","","","","","","","","","","GND"
"","1E9","VSS","Power","","","","","","","","","","","","","","","","","","GND"
"","1E11","VDDQDDR","Power","","","","","","","","","","","","","","","","","","VDD_DDR"
"","1F2","VDDCORE","Power","","","","","","","","","","","","","","","","","","VDD_CORE"
"","1F4","VDDCORE","Power","","","","","","","","","","","","","","","","","","VDD_CORE"
"","1F6","VSS","Power","","","","","","","","","","","","","","","","","","GND"
"","1F8","VSS","Power","","","","","","","","","","","","","","","","","","GND"
"","1F10","VSS","Power","","","","","","","","","","","","","","","","","","GND"
"","1F12","VDDQDDR","Power","","","","","","","","","","","","","","","","","","VDD_DDR"
"","1G1","VSS","Power","","","","","","","","","","","","","","","","","","GND"
"","1G3","VSS","Power","","","","","","","","","","","","","","","","","","GND"
"","1G5","VSS","Power","","","","","","","","","","","","","","","","","","GND"
"","1G7","VDDGPU","Power","","","","","","","","","","","","","","","","","","VDD_GPU"
"","1G9","VDDGPU","Power","","","","","","","","","","","","","","","","","","VDD_GPU"
"","1G11","VSS","Power","","","","","","","","","","","","","","","","","","GND"
"","1H2","VSS","Power","","","","","","","","","","","","","","","","","","GND"
"","1H4","VSS","Power","","","","","","","","","","","","","","","","","","GND"
"","1H6","VDDGPU","Power","","","","","","","","","","","","","","","","","","VDD_GPU"
"","1H8","VDDGPU","Power","","","","","","","","","","","","","","","","","","VDD_GPU"
"","1H10","VDDGPU","Power","","","","","","","","","","","","","","","","","","VDD_GPU"
"","1H12","VSS","Power","","","","","","","","","","","","","","","","","","GND"
"","1J1","VSS","Power","","","","","","","","","","","","","","","","","","GND"
"","1J3","VSS","Power","","","","","","","","","","","","","","","","","","GND"
"","1J5","VSS","Power","","","","","","","","","","","","","","","","","","GND"
"","1J7","VSS","Power","","","","","","","","","","","","","","","","","","GND"
"","1J9","VSS","Power","","","","","","","","","","","","","","","","","","GND"
"","1J11","VSS","Power","","","","","","","","","","","","","","","","","","GND"
"","1K2","VSS","Power","","","","","","","","","","","","","","","","","","GND"
"","1K4","VSS","Power","","","","","","","","","","","","","","","","","","GND"
"","1K6","VSS","Power","","","","","","","","","","","","","","","","","","GND"
"","1K8","VSS","Power","","","","","","","","","","","","","","","","","","GND"
"","1K10","VSS","Power","","","","","","","","","","","","","","","","","","GND"
"","1K12","VSS","Power","","","","","","","","","","","","","","","","","","GND"
"","1L1","VDD","Power","","","","","","","","","","","","","","","","","","VDD_IO"
"","1L3","VDD","Power","","","","","","","","","","","","","","","","","","VDD_IO"
"","1L5","VDD","Power","","","","","","","","","","","","","","","","","","VDD_IO"
"","1L7","VDDGPU","Power","","","","","","","","","","","","","","","","","","VDD_GPU"
"","1L9","VDDGPU","Power","","","","","","","","","","","","","","","","","","VDD_GPU"
"","1L11","VDDQDDR","Power","","","","","","","","","","","","","","","","","","VDD_DDR"
"","1M2","VDD","Power","","","","","","","","","","","","","","","","","","VDD_IO"
"","1M4","VDD","Power","","","","","","","","","","","","","","","","","","VDD_IO"
"","1M6","VDDGPU","Power","","","","","","","","","","","","","","","","","","VDD_GPU"
"","1M8","VDDGPU","Power","","","","","","","","","","","","","","","","","","VDD_GPU"
"","1M10","VDDGPU","Power","","","","","","","","","","","","","","","","","","VDD_GPU"
"","1M12","VDDQDDR","Power","","","","","","","","","","","","","","","","","","VDD_DDR"
