Ref,Val,Package,PosX,PosY,Rot,Side
"BOOT0_2","SW_DIP_x02_CTS_219-2MST","SW_DIP_SPSTx02_CTS_219-2MSTR",23.584800,3.789600,180.000000,bottom
"C1","1uF_0201_4V","C_0201_TightCourtyard",13.876800,22.644600,90.000000,bottom
"C2","1uF_0201_4V","C_0201_TightCourtyard",14.498800,22.367600,90.000000,bottom
"C3","1uF_0201_4V","C_0201_TightCourtyard",12.393800,22.263600,90.000000,bottom
"C4","1uF_0201_4V","C_0201_TightCourtyard",12.385800,20.391600,90.000000,bottom
"C5","1uF_0201_4V","C_0201_TightCourtyard",12.947800,20.460600,90.000000,bottom
"C6","1uF_0201_4V","C_0201_TightCourtyard",12.993800,24.713600,90.000000,bottom
"C7","1uF_0201_4V","C_0201_TightCourtyard",12.443800,24.793600,90.000000,bottom
"C8","1uF_0201_4V","C_0201_TightCourtyard",13.543800,24.813600,90.000000,bottom
"C10","1uF_0201_4V","C_0201_TightCourtyard",14.693800,26.223600,-90.000000,bottom
"C11","1uF_0201_4V","C_0201_TightCourtyard",13.193800,26.288600,90.000000,bottom
"C12","1uF_0201_4V","C_0201_TightCourtyard",11.260800,20.412600,90.000000,bottom
"C13","1uF_0201_4V","C_0201_TightCourtyard",15.193800,24.788600,90.000000,bottom
"C15","1uF_0201_4V","C_0201_TightCourtyard",16.239850,16.779740,180.000000,bottom
"C16","100nF_0201_16V","C_0201_TightCourtyard",8.418800,26.488600,180.000000,bottom
"C17","100nF_0201_16V","C_0201_TightCourtyard",9.971210,27.892500,180.000000,bottom
"C19","22uF_0805_10V","C_0805",37.925800,48.074600,90.000000,bottom
"C20","10uF_0603_10V","C_0603",20.448800,45.262600,180.000000,bottom
"C21","22uF_0805_10V","C_0805",17.873800,46.085600,-90.000000,bottom
"C22","22uF_0603_6.3V","C_0603",37.042800,32.210600,-90.000000,bottom
"C23","22uF_0603_6.3V","C_0603",35.497800,31.813600,-90.000000,bottom
"C24","22uF_0603_6.3V","C_0603",33.947800,31.793600,-90.000000,bottom
"C26","22uF_0603_6.3V","C_0603",21.553800,32.675600,90.000000,bottom
"C27","22uF_0603_6.3V","C_0603",18.316800,32.960600,90.000000,bottom
"C28","22uF_0603_6.3V","C_0603",19.940800,32.686600,90.000000,bottom
"C29","10uF_0603_10V","C_0603",23.103800,34.936630,90.000000,bottom
"C30","10uF_0603_10V","C_0603",25.513800,35.976630,0.000000,bottom
"C32","10uF_0603_10V","C_0603",33.888800,37.033600,180.000000,bottom
"C35","22uF_0603_6.3V","C_0603",38.235800,41.017600,-90.000000,bottom
"C36","22uF_0603_6.3V","C_0603",37.961800,37.717600,90.000000,bottom
"C37","22uF_0603_6.3V","C_0603",36.394800,37.752600,90.000000,bottom
"C38","10uF_0603_10V","C_0603",33.871800,38.577600,180.000000,bottom
"C39","10uF_0402_6.3V","C_0402",20.708800,38.683600,0.000000,bottom
"C40","10uF_0402_6.3V","C_0402",20.705800,39.629600,0.000000,bottom
"C41","22uF_0603_6.3V","C_0603",17.653800,39.034630,0.000000,bottom
"C42","1uF_0402_25V","C_0402",16.165800,11.159600,180.000000,bottom
"C44","1uF_0201_4V","C_0201_TightCourtyard",10.144800,22.443600,-90.000000,bottom
"C45","1uF_0201_4V","C_0201_TightCourtyard",9.953800,24.733600,-90.000000,bottom
"C46","1uF_0201_4V","C_0201_TightCourtyard",10.708800,22.443600,90.000000,bottom
"C47","1uF_0201_4V","C_0201_TightCourtyard",11.269800,22.419600,-90.000000,bottom
"C48","1uF_0201_4V","C_0201_TightCourtyard",11.831800,22.445600,90.000000,bottom
"C49","1uF_0201_4V","C_0201_TightCourtyard",11.143800,24.788600,-90.000000,bottom
"C50","1uF_0201_4V","C_0201_TightCourtyard",11.693800,24.788600,-90.000000,bottom
"C51","1uF_0201_4V","C_0201_TightCourtyard",10.593800,24.788600,90.000000,bottom
"C52","1uF_0201_4V","C_0201_TightCourtyard",12.955800,22.395600,90.000000,bottom
"C53","10uF_0402_6.3V","C_0402",16.757800,5.355600,180.000000,bottom
"C58","1uF_0201_4V","C_0201_TightCourtyard",14.400800,20.035600,90.000000,bottom
"C59","1uF_0201_4V","C_0201_TightCourtyard",13.507790,20.824600,90.000000,bottom
"C64","1uF_0201_4V","C_0201_TightCourtyard",14.643800,24.763600,90.000000,bottom
"C68","1uF_0201_4V","C_0201_TightCourtyard",14.093800,24.763600,90.000000,bottom
"C69","1uF_0201_4V","C_0201_TightCourtyard",14.098800,26.540600,90.000000,bottom
"C70","1uF_0201_4V","C_0201_TightCourtyard",9.598800,20.413600,90.000000,bottom
"C71","1uF_0201_4V","C_0201_TightCourtyard",10.148800,20.413600,90.000000,bottom
"C72","1uF_0201_4V","C_0201_TightCourtyard",10.698800,20.486600,90.000000,bottom
"C74","1uF_0201_4V","C_0201_TightCourtyard",11.823790,20.471600,90.000000,bottom
"C75","1uF_0201_4V","C_0201_TightCourtyard",16.083800,20.963600,180.000000,bottom
"C76","1uF_0201_4V","C_0201_TightCourtyard",15.068800,20.063600,90.000000,bottom
"C77","1uF_0201_4V","C_0201_TightCourtyard",16.018800,20.138600,90.000000,bottom
"C82","1uF_0201_4V","C_0201_TightCourtyard",15.053800,22.388600,-90.000000,bottom
"C87","100nF_0402_16V","C_0402",7.903800,21.503600,180.000000,bottom
"C91","4.7uF_0402_6.3V","C_0402",28.328800,50.301600,90.000000,bottom
"C128","100nF_0402_16V","C_0402",34.876800,28.210600,90.000000,bottom
"C129","100nF_0402_16V","C_0402",29.324800,28.784600,180.000000,bottom
"C130","100nF_0402_16V","C_0402",36.007800,15.491600,180.000000,bottom
"C142","4.7uF_0402_6.3V","C_0402",26.245800,49.292600,90.000000,bottom
"C145","22uF_0603_6.3V","C_0603",37.346125,28.885050,90.000000,bottom
"C146","100nF_0402_16V","C_0402",35.976125,28.225050,90.000000,bottom
"C147","100nF_0402_16V","C_0402",33.778800,28.222600,90.000000,bottom
"C148","100nF_0402_16V","C_0402",32.626125,28.225050,90.000000,bottom
"C149","100nF_0402_16V","C_0402",30.726125,29.251860,90.000000,bottom
"C151","100nF_0402_16V","C_0402",34.484800,14.956600,90.000000,bottom
"C152","22uF_0805_10V","C_0805",27.263800,31.458600,-90.000000,bottom
"C153","1uF_0402_25V","C_0402",27.438800,47.538600,90.000000,bottom
"C154","1uF_0402_25V","C_0402",25.181800,49.087600,90.000000,bottom
"C156","4.7uF_0402_6.3V","C_0402",31.114800,46.524600,90.000000,bottom
"C157","22uF_0805_10V","C_0805",25.413800,31.458600,-90.000000,bottom
"C183","22uF_0603_6.3V","C_0603",32.407800,31.803600,-90.000000,bottom
"C184","10uF_0603_10V","C_0603",34.273800,42.984600,0.000000,bottom
"C186","22uF_0805_10V","C_0805",37.805800,44.751600,-90.000000,bottom
"C187","22uF_0805_10V","C_0805",36.088800,47.975600,90.000000,bottom
"C188","1uF_0402_25V","C_0402",33.288800,48.218600,90.000000,bottom
"C189","4.7uF_0402_6.3V","C_0402",32.277800,48.226600,90.000000,bottom
"C190","4.7uF_0402_6.3V","C_0402",34.513800,47.743600,90.000000,bottom
"C192","100nF_0201_16V","C_0201_TightCourtyard",6.593800,26.888600,-90.000000,bottom
"C193","22uF_0805_10V","C_0805",23.563800,31.458600,-90.000000,bottom
"C194","10uF_0402_6.3V","C_0402",29.621125,25.342660,0.000000,bottom
"C195","100nF_0201_16V","C_0201_TightCourtyard",12.468800,27.850600,0.000000,bottom
"C196","100nF_0201_16V","C_0201_TightCourtyard",10.593800,26.913600,180.000000,bottom
"C199","10uF_0603_10V","C_0603",21.438800,42.736630,90.000000,bottom
"C200","22uF_0603_6.3V","C_0603",17.637800,37.489600,180.000000,bottom
"C201","100nF_0201_16V","C_0201_TightCourtyard",7.168800,26.888600,-90.000000,bottom
"C202","22uF_0603_6.3V","C_0603",17.653800,40.666600,180.000000,bottom
"C203","100nF_0402_16V","C_0402",35.794870,23.803720,-90.000000,bottom
"C204","22uF_0805_10V","C_0805",16.073810,46.085600,-90.000000,bottom
"C205","100nF_0402_16V","C_0402",34.788765,22.349660,180.000000,bottom
"C206","22uF_0805_10V","C_0805",14.246800,45.348600,-90.000000,bottom
"C207","22uF_0805_10V","C_0805",26.953800,53.821600,-90.000000,bottom
"C208","4.7uF_0402_6.3V","C_0402",29.324800,50.325600,90.000000,bottom
"C209","4.7uF_0402_6.3V","C_0402",29.613800,48.388600,90.000000,bottom
"C211","22uF_0603_6.3V","C_0603",20.980800,13.591600,-90.000000,bottom
"C212","100nF_0402_16V","C_0402",30.428800,12.953600,-90.000000,bottom
"C213","100nF_0402_16V","C_0402",28.383800,12.683600,-90.000000,bottom
"C214","100nF_0402_16V","C_0402",26.542905,12.909660,-90.000000,bottom
"C215","100nF_0402_16V","C_0402",24.642905,12.909660,-90.000000,bottom
"C216","100nF_0402_16V","C_0402",22.741800,12.719600,-90.000000,bottom
"C217","4.7uF_0402_6.3V","C_0402",23.988800,47.388600,90.000000,bottom
"C218","100nF_0402_16V","C_0402",36.884870,17.353720,90.000000,bottom
"C219","100nF_0402_16V","C_0402",34.813765,17.124660,180.000000,bottom
"C220","100nF_0201_16V","C_0201_TightCourtyard",9.402800,25.194600,-90.000000,bottom
"C225","4.7uF_0201_6.3V","C_0201",9.218800,21.663600,-90.000000,bottom
"C234","100nF_0402_16V","C_0402",6.969095,18.185710,-90.000000,bottom
"C235","2.2uF_0201_10V","C_0201",8.368800,16.688600,180.000000,bottom
"C236","100nF_0201_16V","C_0201_TightCourtyard",7.143800,25.663600,90.000000,bottom
"C237","100nF_0201_16V","C_0201_TightCourtyard",6.489390,25.668600,90.000000,bottom
"C238","100nF_0201_16V","C_0201_TightCourtyard",15.293800,26.221350,90.000000,bottom
"C239","100nF_0201_16V","C_0201_TightCourtyard",13.918800,27.900600,180.000000,bottom
"C240","100nF_0201_16V","C_0201_TightCourtyard",8.843800,25.638600,-90.000000,bottom
"C244","100nF_0201_16V","C_0201_TightCourtyard",8.393800,17.394290,180.000000,bottom
"C246","100nF_0201_16V","C_0201_TightCourtyard",17.443800,15.988600,0.000000,bottom
"C251","100nF_0201_16V","C_0201_TightCourtyard",18.798800,15.238600,0.000000,bottom
"C252","1uF_0201_4V","C_0201_TightCourtyard",16.048800,17.638860,-90.000000,bottom
"C253","100nF_0201_16V","C_0201_TightCourtyard",17.443800,15.413600,0.000000,bottom
"C260","1uF_0201_4V","C_0201_TightCourtyard",16.267080,16.157130,180.000000,bottom
"C1141","4.7uF_0402_6.3V","C_0402",27.324800,49.524600,90.000000,bottom
"CON1","microSDCon_SMT_104031-0811","CardSlot_MicroSD_Molex_104031-0811",5.875800,48.714600,0.000000,bottom
"J3","USB-C_Receptacle_Molex_2171790001","USB_C_Receptacle_Molex_2171790001",36.033800,5.271600,-90.000000,bottom
"J4","Pins_02x04_RightAngle_P2.54mm_TH","Pins_2x04_P2.54mm_Horizontal_CroppedSilk",0.223800,32.250600,180.000000,bottom
"J5","Pins_01x02_RightAngle_P2.54mm_TH","Pins_1x02_2.54mm_TH",33.044800,54.774600,180.000000,bottom
"J6","Pins_02x05_P1.27mm_SMT","Pins_2x05_1.27mm_SMD",3.983800,10.316600,0.000000,bottom
"L1","2.2uH_1.7A_2016","COIL_2016_Murata_Handsolder",26.058800,34.083600,180.000000,bottom
"L2","0.68uH_3.9A_2520","COIL_2520_TOKO_Handsolder",34.178800,34.808600,0.000000,bottom
"L3","0.68uH_3.1A_2016","COIL_2016_Murata_Handsolder",21.113800,36.183600,-90.000000,bottom
"L4","0.68uH_3.9A_2520","COIL_2520_TOKO_Handsolder",35.274800,40.662600,0.000000,bottom
"L5","0.68uH_3.1A_2016","COIL_2016_Murata_Handsolder",18.288800,42.558600,180.000000,bottom
"L6","2.2uH_1.7A_2016","COIL_2016_Murata_Handsolder",35.015800,45.243600,0.000000,bottom
"L7","0.68uH_3.1A_2016","COIL_2016_Murata_Handsolder",20.663800,47.208600,180.000000,bottom
"R2","0Ω_0402","R_0402",23.264800,49.296600,-90.000000,bottom
"R11","0Ω_0402","R_0402",16.208800,14.825600,90.000000,bottom
"R14","200Ω_0402","R_0402",7.456800,28.208600,180.000000,bottom
"R15","10k_0402","R_0402",14.424800,4.868600,180.000000,bottom
"R16","10k_0402","R_0402",-1.349200,12.426600,-90.000000,bottom
"R17","10k_0402","R_0402",14.454800,2.816600,180.000000,bottom
"R46","0Ω_0402","R_0402",30.413800,35.260600,90.000000,bottom
"R57","0Ω_0402","R_0402",31.113800,49.308600,90.000000,bottom
"R59","0Ω_0402","R_0402",21.343800,48.820600,0.000000,bottom
"R60","0Ω_0402","R_0402",21.322800,49.842600,0.000000,bottom
"R72","10k_0402","R_0402",5.400800,37.451600,-90.000000,bottom
"R81","0Ω_0402","R_0402",30.426300,32.910600,90.000000,bottom
"R141","1k_0402","R_0402",26.454125,25.170300,90.000000,bottom
"R142","1k_0402","R_0402",25.454355,25.172980,-90.000000,bottom
"R163","10k_0402","R_0402",27.655800,28.108600,90.000000,bottom
"R165","56Ω_0402","R_0402",34.720800,26.304600,90.000000,bottom
"R166","56Ω_0402","R_0402",33.714800,26.289600,90.000000,bottom
"R167","56Ω_0402","R_0402",32.716125,26.275050,90.000000,bottom
"R168","56Ω_0402","R_0402",31.708800,26.265600,90.000000,bottom
"R169","56Ω_0402","R_0402",30.684800,27.299600,90.000000,bottom
"R170","56Ω_0402","R_0402",29.680800,27.308600,90.000000,bottom
"R171","56Ω_0402","R_0402",28.661800,27.303600,90.000000,bottom
"R174","240Ω_0201","R_0201_0603Metric",16.093800,23.738600,-90.000000,bottom
"R175","56Ω_0402","R_0402",35.728800,26.274600,90.000000,bottom
"R176","56Ω_0402","R_0402",36.736800,26.289600,90.000000,bottom
"R177","56Ω_0402","R_0402",37.736800,26.289600,90.000000,bottom
"R178","56Ω_0402","R_0402",37.262800,23.799600,0.000000,bottom
"R180","56Ω_0402","R_0402",37.254800,22.770600,0.000000,bottom
"R181","100Ω_0402","R_0402",29.242800,17.830600,-90.000000,bottom
"R182","56Ω_0402","R_0402",37.217800,21.456600,0.000000,bottom
"R183","56Ω_0402","R_0402",32.705800,14.891600,-90.000000,bottom
"R185","56Ω_0402","R_0402",31.686800,14.891600,-90.000000,bottom
"R186","56Ω_0402","R_0402",30.667800,14.860600,-90.000000,bottom
"R187","56Ω_0402","R_0402",29.656800,14.822600,-90.000000,bottom
"R188","56Ω_0402","R_0402",28.582800,14.621600,-90.000000,bottom
"R189","56Ω_0402","R_0402",27.455800,14.835600,-90.000000,bottom
"R190","56Ω_0402","R_0402",26.436800,14.842600,-90.000000,bottom
"R191","56Ω_0402","R_0402",25.427800,14.842600,-90.000000,bottom
"R192","56Ω_0402","R_0402",24.423800,14.842600,-90.000000,bottom
"R193","56Ω_0402","R_0402",23.404800,14.811600,-90.000000,bottom
"R194","56Ω_0402","R_0402",22.393800,14.710600,-90.000000,bottom
"R267","0Ω_0402","R_0402",8.313800,15.334600,-90.000000,bottom
"R286","0Ω_0402","R_0402",18.213800,13.265570,90.000000,bottom
"S2","SW_Push_PTS526 SM15 SMTR2 LFS","Button_Tact_PTS526",9.620800,2.828600,0.000000,bottom
"S3","SW_Push_PTS526 SM15 SMTR2 LFS","Button_Tact_PTS526",9.664800,39.349600,0.000000,bottom
"U5","NORFLASH_W25Q128JV","SOIC-8_5.28x4.9mm_Pitch1.27mm",7.979800,33.666600,0.000000,bottom
"U9","MCP1501-18xCH","SOT-23-6",15.670800,8.597600,90.000000,bottom
"U26","STPMIC25APQR","QFN-56_EP_7x7_Pitch0.4mm",27.763800,41.458600,-90.000000,bottom
"C33","10nF_0402_16V","C_0402",6.603800,2.762600,-90.000000,top
"C43","1uF_0402_25V","C_0402",21.033800,40.520600,0.000000,top
"C60","100nF_0402_16V","C_0402",24.017800,25.672600,180.000000,top
"C61","100nF_0402_16V","C_0402",25.881125,25.672660,180.000000,top
"C62","100nF_0402_16V","C_0402",27.741125,25.682660,0.000000,top
"C63","100nF_0402_16V","C_0402",29.741125,25.662660,180.000000,top
"C83","100nF_0402_16V","C_0402",32.821125,14.662660,180.000000,top
"C84","100nF_0402_16V","C_0402",27.551125,14.702660,0.000000,top
"C85","100nF_0402_16V","C_0402",24.791125,14.732660,0.000000,top
"C88","10uF_0603_10V","C_0603",32.301125,13.442660,180.000000,top
"C90","6.8pF_0402_25V","C_0402",6.246866,13.211534,-90.000000,top
"C92","6.8pF_0402_25V","C_0402",4.126866,14.921534,0.000000,top
"C120","100nF_0402_16V","C_0402",4.601800,35.605600,0.000000,top
"C131","22uF_0603_6.3V","C_0603",37.393800,28.938600,90.000000,top
"C210","100nF_0402_16V","C_0402",7.827800,2.795600,90.000000,top
"C248","100nF_0201_16V","C_0201_TightCourtyard",8.671800,14.272600,180.000000,top
"D1","ESD5Zxx","D_SOD-523",30.834800,2.745600,-90.000000,top
"D2","ESD5Zxx","D_SOD-523",35.427300,8.332600,0.000000,top
"J1","Pins_02x40_P0.4mm_W3.0mm_SMT","Connector-80pin-P0.4mm-W3.0mm",21.797500,53.780200,90.000000,top
"J2","Pins_02x40_P0.4mm_W3.0mm_SMT","Connector-80pin-P0.4mm-W3.0mm",19.797500,3.780200,90.000000,top
"J7","Pins_02x20_P0.4mm_W3.0mm_SMT","Connector-40pin-P0.4mm-W3.0mm",1.832800,21.764600,0.000000,top
"R1","10k_0402","R_0402",2.934800,51.826600,90.000000,top
"R4","430k_0402","R_0402",34.705800,6.567600,0.000000,top
"R5","620k_0402","R_0402",36.699800,6.560600,0.000000,top
"R9","10k_0402","R_0402",7.020800,52.607600,90.000000,top
"R13","200Ω_0402","R_0402",19.621800,13.849600,-90.000000,top
"R27","10k_0402","R_0402",1.228800,14.188600,180.000000,top
"R75","240Ω_0402","R_0402",30.541125,14.712660,0.000000,top
"R260","1.5k_0402","R_0402",28.000800,35.130600,90.000000,top
"R261","1.5k_0402","R_0402",29.043800,35.128600,90.000000,top
"R272","10k_0402","R_0402",1.190800,15.267600,0.000000,top
"U1","STM32MP257FAK3","TFBGA-424_14x14mm_P0.5_STM_AK",12.668800,22.388600,0.000000,top
"U3","USBLC6-2SC6","SOT-23-6",29.610800,8.260600,0.000000,top
"U15","MT40A1G16TB-062E IT:F","FBGA-96_Layout2x3x16_Body8x14_P0.8mm",29.360075,20.194730,-90.000000,top
"X2","40MHz_6.8pF_2x1.6mm","Crystal_2.0x1.6mm_4pin",4.455146,13.336600,180.000000,top
